image_id,is_male
3000.jpg,-1
3001.jpg,1
3002.jpg,-1
3003.jpg,1
3004.jpg,-1
3005.jpg,-1
3006.jpg,-1
3007.jpg,-1
3008.jpg,1
3009.jpg,-1
3010.jpg,1
3011.jpg,1
3012.jpg,1
3013.jpg,-1
3014.jpg,1
3015.jpg,-1
3016.jpg,1
3017.jpg,-1
3018.jpg,1
3019.jpg,1
3020.jpg,-1
3021.jpg,1
3022.jpg,1
3023.jpg,1
3024.jpg,-1
3025.jpg,-1
3026.jpg,1
3027.jpg,1
3028.jpg,-1
3029.jpg,-1
3030.jpg,-1
3031.jpg,1
3032.jpg,-1
3033.jpg,1
3034.jpg,1
3035.jpg,-1
3036.jpg,-1
3037.jpg,-1
3038.jpg,-1
3039.jpg,1
3040.jpg,-1
3041.jpg,1
3042.jpg,-1
3043.jpg,-1
3044.jpg,-1
3045.jpg,-1
3046.jpg,-1
3047.jpg,1
3048.jpg,1
3049.jpg,-1
3050.jpg,-1
3051.jpg,-1
3052.jpg,1
3053.jpg,1
3054.jpg,-1
3055.jpg,1
3056.jpg,1
3057.jpg,-1
3058.jpg,1
3059.jpg,1
3060.jpg,-1
3061.jpg,1
3062.jpg,1
3063.jpg,1
3064.jpg,1
3065.jpg,-1
3066.jpg,-1
3067.jpg,1
3068.jpg,1
3069.jpg,1
3070.jpg,-1
3071.jpg,-1
3072.jpg,1
3073.jpg,-1
3074.jpg,-1
3075.jpg,1
3076.jpg,1
3077.jpg,-1
3078.jpg,1
3079.jpg,1
3080.jpg,-1
3081.jpg,-1
3082.jpg,-1
3083.jpg,1
3084.jpg,1
3085.jpg,1
3086.jpg,1
3087.jpg,1
3088.jpg,-1
3089.jpg,-1
3090.jpg,1
3091.jpg,-1
3092.jpg,1
3093.jpg,1
3094.jpg,-1
3095.jpg,-1
3096.jpg,1
3097.jpg,-1
3098.jpg,1
3099.jpg,1
3100.jpg,1
3101.jpg,1
3102.jpg,1
3103.jpg,1
3104.jpg,-1
3105.jpg,1
3106.jpg,1
3107.jpg,1
3108.jpg,1
3109.jpg,-1
3110.jpg,1
3111.jpg,-1
3112.jpg,1
3113.jpg,1
3114.jpg,1
3115.jpg,1
3116.jpg,1
3117.jpg,-1
3118.jpg,1
3119.jpg,1
3120.jpg,1
3121.jpg,-1
3122.jpg,1
3123.jpg,1
3124.jpg,1
3125.jpg,-1
3126.jpg,1
3127.jpg,1
3128.jpg,-1
3129.jpg,1
3130.jpg,-1
3131.jpg,1
3132.jpg,-1
3133.jpg,1
3134.jpg,-1
3135.jpg,-1
3136.jpg,-1
3137.jpg,1
3138.jpg,-1
3139.jpg,-1
3140.jpg,-1
3141.jpg,-1
3142.jpg,-1
3143.jpg,1
3144.jpg,-1
3145.jpg,-1
3146.jpg,1
3147.jpg,-1
3148.jpg,-1
3149.jpg,1
3150.jpg,-1
3151.jpg,1
3152.jpg,-1
3153.jpg,-1
3154.jpg,-1
3155.jpg,1
3156.jpg,1
3157.jpg,-1
3158.jpg,-1
3159.jpg,-1
3160.jpg,-1
3161.jpg,-1
3162.jpg,-1
3163.jpg,1
3164.jpg,-1
3165.jpg,-1
3166.jpg,-1
3167.jpg,1
3168.jpg,1
3169.jpg,1
3170.jpg,1
3171.jpg,1
3172.jpg,1
3173.jpg,1
3174.jpg,-1
3175.jpg,1
3176.jpg,-1
3177.jpg,1
3178.jpg,-1
3179.jpg,-1
3180.jpg,1
3181.jpg,1
3182.jpg,1
3183.jpg,1
3184.jpg,1
3185.jpg,-1
3186.jpg,-1
3187.jpg,-1
3188.jpg,1
3189.jpg,1
3190.jpg,-1
3191.jpg,-1
3192.jpg,1
3193.jpg,1
3194.jpg,1
3195.jpg,-1
3196.jpg,1
3197.jpg,-1
3198.jpg,-1
3199.jpg,-1
3200.jpg,-1
3201.jpg,1
3202.jpg,1
3203.jpg,1
3204.jpg,1
3205.jpg,-1
3206.jpg,1
3207.jpg,1
3208.jpg,1
3209.jpg,-1
3210.jpg,1
3211.jpg,-1
3212.jpg,-1
3213.jpg,1
3214.jpg,1
3215.jpg,-1
3216.jpg,-1
3217.jpg,-1
3218.jpg,-1
3219.jpg,-1
3220.jpg,1
3221.jpg,-1
3222.jpg,-1
3223.jpg,-1
3224.jpg,1
3225.jpg,-1
3226.jpg,-1
3227.jpg,1
3228.jpg,-1
3229.jpg,1
3230.jpg,1
3231.jpg,1
3232.jpg,-1
3233.jpg,-1
3234.jpg,1
3235.jpg,1
3236.jpg,1
3237.jpg,1
3238.jpg,-1
3239.jpg,1
3240.jpg,1
3241.jpg,-1
3242.jpg,-1
3243.jpg,-1
3244.jpg,1
3245.jpg,1
3246.jpg,1
3247.jpg,1
3248.jpg,1
3249.jpg,-1
3250.jpg,-1
3251.jpg,1
3252.jpg,1
3253.jpg,-1
3254.jpg,-1
3255.jpg,-1
3256.jpg,1
3257.jpg,-1
3258.jpg,1
3259.jpg,1
3260.jpg,-1
3261.jpg,1
3262.jpg,-1
3263.jpg,1
3264.jpg,-1
3265.jpg,1
3266.jpg,1
3267.jpg,1
3268.jpg,1
3269.jpg,1
3270.jpg,-1
3271.jpg,-1
3272.jpg,1
3273.jpg,-1
3274.jpg,-1
3275.jpg,1
3276.jpg,1
3277.jpg,1
3278.jpg,1
3279.jpg,1
3280.jpg,-1
3281.jpg,-1
3282.jpg,1
3283.jpg,-1
3284.jpg,1
3285.jpg,1
3286.jpg,-1
3287.jpg,-1
3288.jpg,-1
3289.jpg,1
3290.jpg,1
3291.jpg,-1
3292.jpg,-1
3293.jpg,-1
3294.jpg,1
3295.jpg,-1
3296.jpg,1
3297.jpg,-1
3298.jpg,-1
3299.jpg,-1
3300.jpg,1
3301.jpg,-1
3302.jpg,-1
3303.jpg,-1
3304.jpg,1
3305.jpg,1
3306.jpg,1
3307.jpg,1
3308.jpg,1
3309.jpg,-1
3310.jpg,-1
3311.jpg,1
3312.jpg,1
3313.jpg,-1
3314.jpg,-1
3315.jpg,1
3316.jpg,-1
3317.jpg,1
3318.jpg,1
3319.jpg,1
3320.jpg,1
3321.jpg,-1
3322.jpg,-1
3323.jpg,-1
3324.jpg,1
3325.jpg,1
3326.jpg,-1
3327.jpg,-1
3328.jpg,1
3329.jpg,-1
3330.jpg,-1
3331.jpg,-1
3332.jpg,-1
3333.jpg,1
3334.jpg,-1
3335.jpg,-1
3336.jpg,-1
3337.jpg,1
3338.jpg,-1
3339.jpg,-1
3340.jpg,1
3341.jpg,-1
3342.jpg,-1
3343.jpg,1
3344.jpg,-1
3345.jpg,1
3346.jpg,-1
3347.jpg,1
3348.jpg,-1
3349.jpg,-1
3350.jpg,1
3351.jpg,-1
3352.jpg,-1
3353.jpg,-1
3354.jpg,-1
3355.jpg,-1
3356.jpg,-1
3357.jpg,1
3358.jpg,1
3359.jpg,1
3360.jpg,-1
3361.jpg,-1
3362.jpg,-1
3363.jpg,-1
3364.jpg,-1
3365.jpg,1
3366.jpg,1
3367.jpg,-1
3368.jpg,-1
3369.jpg,-1
3370.jpg,-1
3371.jpg,1
3372.jpg,-1
3373.jpg,-1
3374.jpg,-1
3375.jpg,-1
3376.jpg,-1
3377.jpg,-1
3378.jpg,-1
3379.jpg,1
3380.jpg,1
3381.jpg,-1
3382.jpg,-1
3383.jpg,-1
3384.jpg,1
3385.jpg,1
3386.jpg,1
3387.jpg,-1
3388.jpg,-1
3389.jpg,-1
3390.jpg,-1
3391.jpg,1
3392.jpg,1
3393.jpg,1
3394.jpg,1
3395.jpg,-1
3396.jpg,1
3397.jpg,-1
3398.jpg,1
3399.jpg,-1
3400.jpg,-1
3401.jpg,1
3402.jpg,-1
3403.jpg,-1
3404.jpg,-1
3405.jpg,1
3406.jpg,1
3407.jpg,1
3408.jpg,-1
3409.jpg,-1
3410.jpg,-1
3411.jpg,1
3412.jpg,1
3413.jpg,-1
3414.jpg,-1
3415.jpg,1
3416.jpg,-1
3417.jpg,-1
3418.jpg,-1
3419.jpg,-1
3420.jpg,-1
3421.jpg,1
3422.jpg,-1
3423.jpg,-1
3424.jpg,1
3425.jpg,1
3426.jpg,-1
3427.jpg,1
3428.jpg,-1
3429.jpg,1
3430.jpg,-1
3431.jpg,-1
3432.jpg,-1
3433.jpg,-1
3434.jpg,1
3435.jpg,1
3436.jpg,-1
3437.jpg,-1
3438.jpg,1
3439.jpg,1
3440.jpg,-1
3441.jpg,-1
3442.jpg,1
3443.jpg,-1
3444.jpg,1
3445.jpg,-1
3446.jpg,-1
3447.jpg,1
3448.jpg,-1
3449.jpg,1
3450.jpg,1
3451.jpg,-1
3452.jpg,1
3453.jpg,-1
3454.jpg,-1
3455.jpg,-1
3456.jpg,-1
3457.jpg,-1
3458.jpg,1
3459.jpg,-1
3460.jpg,1
3461.jpg,-1
3462.jpg,-1
3463.jpg,1
3464.jpg,-1
3465.jpg,1
3466.jpg,-1
3467.jpg,-1
3468.jpg,1
3469.jpg,1
3470.jpg,1
3471.jpg,-1
3472.jpg,1
3473.jpg,-1
3474.jpg,1
3475.jpg,1
3476.jpg,1
3477.jpg,1
3478.jpg,1
3479.jpg,-1
3480.jpg,-1
3481.jpg,1
3482.jpg,-1
3483.jpg,1
3484.jpg,-1
3485.jpg,-1
3486.jpg,-1
3487.jpg,-1
3488.jpg,1
3489.jpg,1
3490.jpg,1
3491.jpg,-1
3492.jpg,-1
3493.jpg,1
3494.jpg,-1
3495.jpg,1
3496.jpg,1
3497.jpg,1
3498.jpg,-1
3499.jpg,1
3500.jpg,1
3501.jpg,-1
3502.jpg,-1
3503.jpg,1
3504.jpg,-1
3505.jpg,-1
3506.jpg,1
3507.jpg,1
3508.jpg,-1
3509.jpg,-1
3510.jpg,1
3511.jpg,1
3512.jpg,-1
3513.jpg,-1
3514.jpg,-1
3515.jpg,-1
3516.jpg,-1
3517.jpg,1
3518.jpg,-1
3519.jpg,1
3520.jpg,-1
3521.jpg,1
3522.jpg,-1
3523.jpg,1
3524.jpg,1
3525.jpg,-1
3526.jpg,-1
3527.jpg,-1
3528.jpg,-1
3529.jpg,1
3530.jpg,-1
3531.jpg,-1
3532.jpg,1
3533.jpg,-1
3534.jpg,-1
3535.jpg,-1
3536.jpg,1
3537.jpg,-1
3538.jpg,1
3539.jpg,1
3540.jpg,-1
3541.jpg,1
3542.jpg,-1
3543.jpg,1
3544.jpg,1
3545.jpg,1
3546.jpg,1
3547.jpg,-1
3548.jpg,-1
3549.jpg,-1
3550.jpg,-1
3551.jpg,1
3552.jpg,-1
3553.jpg,1
3554.jpg,1
3555.jpg,1
3556.jpg,1
3557.jpg,1
3558.jpg,1
3559.jpg,1
3560.jpg,-1
3561.jpg,-1
3562.jpg,-1
3563.jpg,-1
3564.jpg,1
3565.jpg,-1
3566.jpg,-1
3567.jpg,-1
3568.jpg,1
3569.jpg,1
3570.jpg,-1
3571.jpg,1
3572.jpg,1
3573.jpg,1
3574.jpg,1
3575.jpg,1
3576.jpg,1
3577.jpg,-1
3578.jpg,1
3579.jpg,1
3580.jpg,1
3581.jpg,-1
3582.jpg,1
3583.jpg,1
3584.jpg,-1
3585.jpg,1
3586.jpg,-1
3587.jpg,-1
3588.jpg,-1
3589.jpg,-1
3590.jpg,-1
3591.jpg,-1
3592.jpg,1
3593.jpg,1
3594.jpg,-1
3595.jpg,1
3596.jpg,1
3597.jpg,-1
3598.jpg,-1
3599.jpg,-1
3600.jpg,-1
3601.jpg,-1
3602.jpg,-1
3603.jpg,-1
3604.jpg,1
3605.jpg,1
3606.jpg,1
3607.jpg,-1
3608.jpg,-1
3609.jpg,1
3610.jpg,-1
3611.jpg,1
3612.jpg,1
3613.jpg,1
3614.jpg,-1
3615.jpg,-1
3616.jpg,1
3617.jpg,-1
3618.jpg,-1
3619.jpg,1
3620.jpg,1
3621.jpg,1
3622.jpg,-1
3623.jpg,-1
3624.jpg,-1
3625.jpg,-1
3626.jpg,1
3627.jpg,1
3628.jpg,1
3629.jpg,1
3630.jpg,1
3631.jpg,-1
3632.jpg,-1
3633.jpg,1
3634.jpg,-1
3635.jpg,1
3636.jpg,-1
3637.jpg,1
3638.jpg,1
3639.jpg,-1
3640.jpg,-1
3641.jpg,1
3642.jpg,1
3643.jpg,1
3644.jpg,-1
3645.jpg,1
3646.jpg,1
3647.jpg,-1
3648.jpg,1
3649.jpg,1
3650.jpg,1
3651.jpg,1
3652.jpg,-1
3653.jpg,-1
3654.jpg,-1
3655.jpg,1
3656.jpg,-1
3657.jpg,-1
3658.jpg,1
3659.jpg,1
3660.jpg,-1
3661.jpg,-1
3662.jpg,-1
3663.jpg,1
3664.jpg,-1
3665.jpg,1
3666.jpg,-1
3667.jpg,-1
3668.jpg,-1
3669.jpg,-1
3670.jpg,-1
3671.jpg,-1
3672.jpg,1
3673.jpg,1
3674.jpg,-1
3675.jpg,-1
3676.jpg,-1
3677.jpg,1
3678.jpg,-1
3679.jpg,1
3680.jpg,1
3681.jpg,-1
3682.jpg,-1
3683.jpg,-1
3684.jpg,1
3685.jpg,-1
3686.jpg,-1
3687.jpg,-1
3688.jpg,1
3689.jpg,1
3690.jpg,-1
3691.jpg,1
3692.jpg,-1
3693.jpg,1
3694.jpg,-1
3695.jpg,-1
3696.jpg,-1
3697.jpg,1
3698.jpg,-1
3699.jpg,1
3700.jpg,1
3701.jpg,-1
3702.jpg,-1
3703.jpg,-1
3704.jpg,1
3705.jpg,-1
3706.jpg,-1
3707.jpg,-1
3708.jpg,-1
3709.jpg,1
3710.jpg,1
3711.jpg,-1
3712.jpg,1
3713.jpg,1
3714.jpg,-1
3715.jpg,1
3716.jpg,1
3717.jpg,-1
3718.jpg,-1
3719.jpg,-1
3720.jpg,-1
3721.jpg,-1
3722.jpg,1
3723.jpg,1
3724.jpg,-1
3725.jpg,-1
3726.jpg,1
3727.jpg,1
3728.jpg,1
3729.jpg,1
3730.jpg,-1
3731.jpg,1
3732.jpg,1
3733.jpg,-1
3734.jpg,-1
3735.jpg,-1
3736.jpg,1
3737.jpg,-1
3738.jpg,1
3739.jpg,1
3740.jpg,1
3741.jpg,-1
3742.jpg,1
3743.jpg,-1
3744.jpg,-1
3745.jpg,-1
3746.jpg,1
3747.jpg,-1
3748.jpg,-1
3749.jpg,-1
3750.jpg,1
3751.jpg,-1
3752.jpg,1
3753.jpg,1
3754.jpg,-1
3755.jpg,1
3756.jpg,1
3757.jpg,-1
3758.jpg,1
3759.jpg,-1
3760.jpg,-1
3761.jpg,1
3762.jpg,-1
3763.jpg,-1
3764.jpg,1
3765.jpg,1
3766.jpg,1
3767.jpg,1
3768.jpg,-1
3769.jpg,1
3770.jpg,-1
3771.jpg,-1
3772.jpg,-1
3773.jpg,1
3774.jpg,-1
3775.jpg,1
3776.jpg,-1
3777.jpg,1
3778.jpg,-1
3779.jpg,-1
3780.jpg,1
3781.jpg,1
3782.jpg,-1
3783.jpg,1
3784.jpg,-1
3785.jpg,1
3786.jpg,-1
3787.jpg,1
3788.jpg,1
3789.jpg,-1
3790.jpg,1
3791.jpg,-1
3792.jpg,1
3793.jpg,1
3794.jpg,-1
3795.jpg,-1
3796.jpg,-1
3797.jpg,1
3798.jpg,1
3799.jpg,-1
3800.jpg,-1
3801.jpg,1
3802.jpg,1
3803.jpg,1
3804.jpg,1
3805.jpg,1
3806.jpg,1
3807.jpg,1
3808.jpg,-1
3809.jpg,1
3810.jpg,-1
3811.jpg,-1
3812.jpg,1
3813.jpg,-1
3814.jpg,1
3815.jpg,1
3816.jpg,-1
3817.jpg,1
3818.jpg,-1
3819.jpg,1
3820.jpg,-1
3821.jpg,-1
3822.jpg,1
3823.jpg,1
3824.jpg,1
3825.jpg,-1
3826.jpg,1
3827.jpg,-1
3828.jpg,1
3829.jpg,1
3830.jpg,1
3831.jpg,-1
3832.jpg,-1
3833.jpg,-1
3834.jpg,1
3835.jpg,1
3836.jpg,1
3837.jpg,-1
3838.jpg,-1
3839.jpg,-1
3840.jpg,-1
3841.jpg,-1
3842.jpg,1
3843.jpg,-1
3844.jpg,-1
3845.jpg,1
3846.jpg,1
3847.jpg,-1
3848.jpg,1
3849.jpg,1
3850.jpg,1
3851.jpg,-1
3852.jpg,-1
3853.jpg,1
3854.jpg,-1
3855.jpg,-1
3856.jpg,-1
3857.jpg,-1
3858.jpg,1
3859.jpg,1
3860.jpg,1
3861.jpg,1
3862.jpg,-1
3863.jpg,-1
3864.jpg,-1
3865.jpg,1
3866.jpg,1
3867.jpg,-1
3868.jpg,1
3869.jpg,-1
3870.jpg,1
3871.jpg,1
3872.jpg,1
3873.jpg,1
3874.jpg,1
3875.jpg,1
3876.jpg,-1
3877.jpg,1
3878.jpg,1
3879.jpg,1
3880.jpg,1
3881.jpg,-1
3882.jpg,-1
3883.jpg,-1
3884.jpg,1
3885.jpg,1
3886.jpg,-1
3887.jpg,1
3888.jpg,1
3889.jpg,1
3890.jpg,1
3891.jpg,1
3892.jpg,-1
3893.jpg,-1
3894.jpg,1
3895.jpg,-1
3896.jpg,1
3897.jpg,-1
3898.jpg,-1
3899.jpg,-1
3900.jpg,-1
3901.jpg,-1
3902.jpg,-1
3903.jpg,1
3904.jpg,-1
3905.jpg,1
3906.jpg,-1
3907.jpg,-1
3908.jpg,-1
3909.jpg,1
3910.jpg,1
3911.jpg,-1
3912.jpg,-1
3913.jpg,-1
3914.jpg,-1
3915.jpg,-1
3916.jpg,1
3917.jpg,-1
3918.jpg,-1
3919.jpg,1
3920.jpg,-1
3921.jpg,-1
3922.jpg,1
3923.jpg,-1
3924.jpg,1
3925.jpg,-1
3926.jpg,-1
3927.jpg,1
3928.jpg,1
3929.jpg,1
3930.jpg,1
3931.jpg,-1
3932.jpg,-1
3933.jpg,1
3934.jpg,1
3935.jpg,1
3936.jpg,-1
3937.jpg,1
3938.jpg,1
3939.jpg,1
3940.jpg,-1
3941.jpg,1
3942.jpg,-1
3943.jpg,-1
3944.jpg,1
3945.jpg,1
3946.jpg,-1
3947.jpg,1
3948.jpg,-1
3949.jpg,1
3950.jpg,1
3951.jpg,-1
3952.jpg,1
3953.jpg,1
3954.jpg,-1
3955.jpg,-1
3956.jpg,1
3957.jpg,-1
3958.jpg,-1
3959.jpg,1
3960.jpg,1
3961.jpg,-1
3962.jpg,1
3963.jpg,-1
3964.jpg,1
3965.jpg,1
3966.jpg,-1
3967.jpg,-1
3968.jpg,-1
3969.jpg,-1
3970.jpg,-1
3971.jpg,-1
3972.jpg,1
3973.jpg,1
3974.jpg,-1
3975.jpg,-1
3976.jpg,1
3977.jpg,-1
3978.jpg,-1
3979.jpg,-1
3980.jpg,1
3981.jpg,1
3982.jpg,-1
3983.jpg,-1
3984.jpg,1
3985.jpg,-1
3986.jpg,-1
3987.jpg,-1
3988.jpg,-1
3989.jpg,1
3990.jpg,-1
3991.jpg,-1
3992.jpg,1
3993.jpg,-1
3994.jpg,-1
3995.jpg,-1
3996.jpg,1
3997.jpg,1
3998.jpg,1
3999.jpg,1
4000.jpg,-1
4001.jpg,1
4002.jpg,1
4003.jpg,-1
4004.jpg,1
4005.jpg,1
4006.jpg,1
4007.jpg,1
4008.jpg,-1
4009.jpg,1
4010.jpg,1
4011.jpg,-1
4012.jpg,-1
4013.jpg,1
4014.jpg,1
4015.jpg,-1
4016.jpg,1
4017.jpg,1
4018.jpg,-1
4019.jpg,-1
4020.jpg,-1
4021.jpg,1
4022.jpg,1
4023.jpg,-1
4024.jpg,-1
4025.jpg,1
4026.jpg,-1
4027.jpg,-1
4028.jpg,-1
4029.jpg,1
4030.jpg,-1
4031.jpg,-1
4032.jpg,1
4033.jpg,1
4034.jpg,1
4035.jpg,1
4036.jpg,-1
4037.jpg,1
4038.jpg,-1
4039.jpg,1
4040.jpg,-1
4041.jpg,-1
4042.jpg,-1
4043.jpg,-1
4044.jpg,-1
4045.jpg,-1
4046.jpg,-1
4047.jpg,1
4048.jpg,1
4049.jpg,1
4050.jpg,1
4051.jpg,-1
4052.jpg,-1
4053.jpg,1
4054.jpg,1
4055.jpg,-1
4056.jpg,1
4057.jpg,1
4058.jpg,-1
4059.jpg,-1
4060.jpg,-1
4061.jpg,1
4062.jpg,-1
4063.jpg,1
4064.jpg,1
4065.jpg,-1
4066.jpg,1
4067.jpg,1
4068.jpg,-1
4069.jpg,-1
4070.jpg,-1
4071.jpg,1
4072.jpg,-1
4073.jpg,1
4074.jpg,1
4075.jpg,1
4076.jpg,-1
4077.jpg,-1
4078.jpg,1
4079.jpg,-1
4080.jpg,1
4081.jpg,1
4082.jpg,-1
4083.jpg,1
